row_wid,Name,PhoneNumber,EmailID,DOB,Experience,Age
1,Gerard Bradley,7081699511,roymarshall@example.org,1997-02-25,1,27
2,Francesca Jones,8169778778,albert30@example.org,1989-11-19,11,35
3,Dr Howard Turner,1381572760,wyattstewart@example.org,1989-04-05,15,35
4,Pauline Griffiths,5490273520,harpersuzanne@example.org,1993-05-30,15,31
5,Mr Adam Robinson,7644660403,hutchinsondenise@example.net,1987-11-23,11,37
6,Dr David Russell,8079245408,rachaelchapman@example.com,1983-05-25,7,41
7,Debra Walton,3307384823,deborahgibson@example.net,1991-12-30,9,33
8,Marie Lawrence,2575373060,valerie54@example.org,1988-03-16,26,36
9,Mr Mark Parry,9139362212,christopher30@example.org,1990-07-09,4,34
10,Dr Shane Phillips,9488154735,fwatkins@example.org,1989-06-05,2,35
11,Nicola Gardner,4046455778,lydiawilson@example.org,1984-07-23,2,40
12,David Brown,9157063982,lewiskate@example.net,1976-01-03,5,48
13,James King,9239880217,dianawebb@example.com,1996-10-03,1,28
14,Sophie Barker,7299911946,frobinson@example.org,1975-10-26,24,49
15,Kate Parker,9277113733,drichardson@example.org,1972-05-13,6,52
16,Marc Grant,3885274887,michelleparry@example.com,1990-10-21,11,34
17,Naomi Walker-Clarke,5725652315,tom81@example.net,1989-08-30,28,35
18,Dr Mandy Holmes,5082519603,annette83@example.com,1989-07-28,25,35
19,Derek Owens-Hunter,3220151496,saundersjack@example.org,1993-05-10,15,31
20,Dr Darren Farmer,1260548116,marshtrevor@example.org,1980-09-02,7,44
21,Mr Keith Ryan,1559038911,bcollins@example.net,1983-11-08,26,41
22,Miss Katherine Bevan,3265496683,marie53@example.org,1974-03-03,21,50
23,Miss Geraldine Wilkinson,8384931812,christineburton@example.org,1981-05-16,1,43
24,Charlotte Jones,7272188085,normanking@example.net,1994-05-04,16,30
25,Mrs Georgina Kerr,3704657508,joe99@example.org,1988-08-06,9,36
26,Mrs Marion Bates,4464139727,janelewis@example.com,1980-11-11,18,44
27,Dr Olivia Lewis,8003058387,lynn98@example.org,1991-06-24,23,33
28,Mrs Anna Cunningham,6249336620,garry23@example.org,1980-11-12,9,44
29,Leon Fitzgerald-Hamilton,4074233712,kentmarion@example.org,1970-09-04,30,54
30,Mohamed Davison,1991609499,chelseacraig@example.net,1988-05-06,4,36
31,Louis Richards,8820546594,frostamber@example.net,1999-04-13,30,25
32,Roger Schofield,7916258689,damienjohnson@example.net,1995-05-03,15,29
33,Mr Toby Morton,3376820844,zroberts@example.net,1975-01-03,29,49
34,Dr Ian Williams,6838676669,kscott@example.com,1970-06-26,5,54
35,Miss Eleanor Short,7715246504,lhill@example.com,1981-05-23,3,43
36,Hugh Shepherd,5212191308,stevensandrew@example.com,1985-08-05,16,39
37,Joyce Bird,2495711005,smoore@example.org,1997-09-26,5,27
38,Peter Thomson-Rose,3394371353,vkelly@example.net,1974-07-20,5,50
39,Ms Nicole Thomson,3512201489,ievans@example.org,1990-12-09,15,34
40,Dr Brett Wilson,5694555079,ucox@example.net,1988-04-26,28,36
41,Kirsty O'Sullivan,4263477726,james04@example.org,1977-06-27,13,47
42,Arthur Walsh,1384939444,barkerheather@example.net,1973-04-22,9,51
43,Ruth Stokes,3879636140,hopkinsabdul@example.com,1972-07-05,19,52
44,Ms Sian Jarvis,9850510719,vmitchell@example.com,1978-01-24,13,46
45,Antony Peacock,4849479199,dale19@example.org,1973-08-11,15,51
46,Paula Evans,5550517975,wmitchell@example.net,1993-11-11,18,31
47,Ms Patricia Kennedy,5502359684,katy95@example.org,1998-07-14,22,26
48,Lesley Gibbs,7235058566,kpatel@example.net,1994-01-27,3,30
49,Ross Dean,1661031403,twright@example.net,1964-10-09,29,60
50,Kenneth Holden,5179597646,tom02@example.org,1998-11-11,18,26
